{"cameraMode":{"drawMode":0,"name":"Shaded","section":"Shading Mode"},"sceneLighting":true,"audioPlay":false,"sceneViewState":{"showFog":true,"showMaterialUpdate":false,"showSkybox":false,"showFlares":true,"showImageEffects":true,"showParticleSystems":true},"in2DMode":false,"pivot":{"x":37.0890007019043,"y":2.115000009536743,"z":42.99589920043945},"rotation":{"x":-0.18991191685199738,"y":0.40041449666023257,"z":-0.0852147564291954,"w":-0.8923789858818054},"size":1.2144813537597657,"orthographic":false}