{"cameraMode":{"drawMode":0,"name":"Shaded","section":"Shading Mode"},"sceneLighting":false,"audioPlay":false,"sceneViewState":{"showFog":true,"showMaterialUpdate":false,"showSkybox":false,"showFlares":true,"showImageEffects":true,"showParticleSystems":true},"in2DMode":false,"pivot":{"x":-0.2833141088485718,"y":0.4367854595184326,"z":2.311006546020508},"rotation":{"x":0.026683364063501359,"y":-0.9717712998390198,"z":0.13562187552452088,"w":0.1911943256855011},"size":5.909897327423096,"orthographic":false}