{"cameraMode":{"drawMode":0,"name":"Shaded","section":"Shading Mode"},"sceneLighting":true,"audioPlay":false,"sceneViewState":{"showFog":true,"showMaterialUpdate":false,"showSkybox":false,"showFlares":true,"showImageEffects":true,"showParticleSystems":true},"in2DMode":false,"pivot":{"x":38.663230895996097,"y":7.4243059158325199,"z":39.546077728271487},"rotation":{"x":-0.2815565764904022,"y":0.6301679611206055,"z":-0.2632332742214203,"w":-0.6740344762802124},"size":1.2144813537597657,"orthographic":false}