{"cameraMode":{"drawMode":0,"name":"Shaded","section":"Shading Mode"},"sceneLighting":false,"audioPlay":false,"sceneViewState":{"showFog":true,"showMaterialUpdate":false,"showSkybox":false,"showFlares":true,"showImageEffects":true,"showParticleSystems":true},"in2DMode":false,"pivot":{"x":99.75248718261719,"y":472.0469970703125,"z":-152.4998779296875},"rotation":{"x":-0.011332998983561993,"y":-0.033701203763484958,"z":-0.00038198608672246337,"w":0.9993676543235779},"size":20.821317672729493,"orthographic":false}