{"cameraMode":{"drawMode":0,"name":"Shaded","section":"Shading Mode"},"sceneLighting":true,"audioPlay":false,"sceneViewState":{"showFog":true,"showMaterialUpdate":false,"showSkybox":false,"showFlares":true,"showImageEffects":true,"showParticleSystems":true},"in2DMode":false,"pivot":{"x":32.34299850463867,"y":-2.086688756942749,"z":36.35100173950195},"rotation":{"x":0.16710469126701356,"y":0.07122226059436798,"z":-0.012106072157621384,"w":0.9832888245582581},"size":2.398240566253662,"orthographic":false}