{"cameraMode":{"drawMode":0,"name":"Shaded","section":"Shading Mode"},"sceneLighting":true,"audioPlay":false,"sceneViewState":{"showFog":true,"showMaterialUpdate":false,"showSkybox":false,"showFlares":true,"showImageEffects":true,"showParticleSystems":true},"in2DMode":false,"pivot":{"x":34.948001861572269,"y":-2.236999988555908,"z":36.566917419433597},"rotation":{"x":0.16710469126701356,"y":0.07122226059436798,"z":-0.012106072157621384,"w":0.9832888245582581},"size":5.715767860412598,"orthographic":false}