{"cameraMode":{"drawMode":0,"name":"Shaded","section":"Shading Mode"},"sceneLighting":false,"audioPlay":false,"sceneViewState":{"showFog":true,"showMaterialUpdate":false,"showSkybox":false,"showFlares":true,"showImageEffects":true,"showParticleSystems":true},"in2DMode":false,"pivot":{"x":30.572044372558595,"y":-3.0480003356933595,"z":41.37250900268555},"rotation":{"x":0.24303345382213593,"y":0.31344515085220339,"z":-0.083330437541008,"w":0.9141898155212402},"size":4.541581630706787,"orthographic":false}