{"cameraMode":{"drawMode":0,"name":"Shaded","section":"Shading Mode"},"sceneLighting":true,"audioPlay":false,"sceneViewState":{"showFog":true,"showMaterialUpdate":false,"showSkybox":false,"showFlares":true,"showImageEffects":true,"showParticleSystems":true},"in2DMode":false,"pivot":{"x":-28.180362701416017,"y":54.68311309814453,"z":-40.007667541503909},"rotation":{"x":0.013462845236063004,"y":-0.9567344784736633,"z":0.044843271374702457,"w":0.2871708571910858},"size":13.562725067138672,"orthographic":false}