{"cameraMode":{"drawMode":0,"name":"Shaded","section":"Shading Mode"},"sceneLighting":false,"audioPlay":false,"sceneViewState":{"showFog":true,"showMaterialUpdate":false,"showSkybox":false,"showFlares":true,"showImageEffects":true,"showParticleSystems":true},"in2DMode":false,"pivot":{"x":37.619998931884769,"y":4.21999979019165,"z":29.799999237060548},"rotation":{"x":0.03862002491950989,"y":0.9577823877334595,"z":-0.23930224776268006,"w":0.15458311140537263},"size":11.667262077331543,"orthographic":false}