{"cameraMode":{"drawMode":0,"name":"Shaded","section":"Shading Mode"},"sceneLighting":false,"audioPlay":false,"sceneViewState":{"showFog":true,"showMaterialUpdate":false,"showSkybox":false,"showFlares":true,"showImageEffects":true,"showParticleSystems":true},"in2DMode":false,"pivot":{"x":288.2445373535156,"y":530.0659790039063,"z":-40.37047576904297},"rotation":{"x":0.3682306706905365,"y":-0.190995991230011,"z":0.07757633179426193,"w":0.9065917730331421},"size":172.75131225585938,"orthographic":false}