{"cameraMode":{"drawMode":0,"name":"Shaded","section":"Shading Mode"},"sceneLighting":false,"audioPlay":false,"sceneViewState":{"showFog":true,"showMaterialUpdate":false,"showSkybox":false,"showFlares":true,"showImageEffects":true,"showParticleSystems":true},"in2DMode":false,"pivot":{"x":14.535157203674317,"y":8.067081451416016,"z":0.8122458457946777},"rotation":{"x":0.12682200968265534,"y":-0.7425613403320313,"z":0.14690493047237397,"w":0.6410442590713501},"size":0.00005715767838410102,"orthographic":false}