{"cameraMode":{"drawMode":0,"name":"Shaded","section":"Shading Mode"},"sceneLighting":true,"audioPlay":false,"sceneViewState":{"showFog":true,"showMaterialUpdate":false,"showSkybox":true,"showFlares":true,"showImageEffects":true,"showParticleSystems":true},"in2DMode":false,"pivot":{"x":53.553653717041019,"y":6.504247188568115,"z":77.29922485351563},"rotation":{"x":-0.14668317139148713,"y":-0.32596561312675478,"z":0.051273003220558169,"w":-0.9325243234634399},"size":12.592150688171387,"orthographic":false}