{"cameraMode":{"drawMode":0,"name":"Shaded","section":"Shading Mode"},"sceneLighting":false,"audioPlay":false,"sceneViewState":{"showFog":true,"showMaterialUpdate":false,"showSkybox":false,"showFlares":true,"showImageEffects":true,"showParticleSystems":true},"in2DMode":false,"pivot":{"x":41.892906188964847,"y":4.272655487060547,"z":65.923828125},"rotation":{"x":-0.3503839075565338,"y":0.20659516751766206,"z":-0.07954086363315582,"w":-0.9100674986839294},"size":5.81908655166626,"orthographic":false}