{"cameraMode":{"drawMode":0,"name":"Shaded","section":"Shading Mode"},"sceneLighting":false,"audioPlay":false,"sceneViewState":{"showFog":true,"showMaterialUpdate":false,"showSkybox":false,"showFlares":true,"showImageEffects":true,"showParticleSystems":true},"in2DMode":false,"pivot":{"x":3.040022850036621,"y":-3.8863611221313478,"z":-14.969444274902344},"rotation":{"x":-0.1758546084165573,"y":-0.25885245203971865,"z":0.047988735139369968,"w":-0.9485608339309692},"size":22.0,"orthographic":false}