{"cameraMode":{"drawMode":0,"name":"Shaded","section":"Shading Mode"},"sceneLighting":false,"audioPlay":false,"sceneViewState":{"showFog":true,"showMaterialUpdate":false,"showSkybox":false,"showFlares":true,"showImageEffects":true,"showParticleSystems":true},"in2DMode":false,"pivot":{"x":0.01016610860824585,"y":-0.3400000333786011,"z":-0.8303298950195313},"rotation":{"x":-0.1758546084165573,"y":-0.25885245203971865,"z":0.047988735139369968,"w":-0.9485608339309692},"size":4.041658401489258,"orthographic":false}